N,direct_s,fmm_s,avg_rel_err
100,0.00319671630859375,0.004030942916870117,0.009311227580384713
500,0.0008921623229980469,0.03427577018737793,0.013919841159958157
1000,0.0026731491088867188,0.07817411422729492,0.011856105420234237
